time,Import T1 kWh,Import T2 kWh,Export T1 kWh,Export T2 kWh,L1 max W,L2 max W,L3 max W
2024-01-01 00:00,1587916,1863794,1558866,3575975,2093,73,33
2024-01-02 00:00,1600697,1863794,1560595,3575975,2153,64,33
2024-01-03 00:00,1602604,1875200,1560595,3576318,2098,63,32
2024-01-04 00:00,1604457,1887213,1560595,3579251,2129,71,31
2024-01-05 00:00,1606584,1902197,1560595,3585094,2096,68,41
2024-01-06 00:00,1609093,1918069,1560595,3585150,4654,2203,561
2024-01-07 00:00,1642793,1918069,1560595,3585150,4354,707,685
2024-01-08 00:00,1676160,1918069,1565434,3585150,3438,1898,687
2024-01-09 00:00,1679338,1945718,1565434,3593619,3422,1216,694
2024-01-10 00:00,1682593,1972947,1565434,3610809,4624,1523,690
2024-01-11 00:00,1685744,2002981,1565434,3618406,3635,2601,688
2024-01-12 00:00,1688817,2024729,1565434,3618487,5126,1418,150
2024-01-13 00:00,1691072,2056341,1565434,3618509,3041,569,38
2024-01-14 00:00,1724230,2056341,1565756,3618509,2466,920,38
2024-01-15 00:00,1751574,2056341,1571155,3618509,3365,809,131
2024-01-16 00:00,1762161,2072551,1571155,3620791,2573,1748,39
2024-01-17 00:00,1773315,2091480,1571155,3625363,2670,773,41
2024-01-18 00:00,1785398,2110499,1571155,3625442,3246,1006,121
2024-01-19 00:00,1797285,2130826,1571155,3638841,2829,958,115
2024-01-20 00:00,1806865,2145608,1571155,3654138,3340,2223,390
2024-01-21 00:00,1838393,2145608,1571544,3654138,3370,1186,35
2024-01-22 00:00,1865511,2145608,1571552,3654138,2285,1156,34
2024-01-23 00:00,1870238,2152550,1571552,3666488,3206,911,36
2024-01-24 00:00,1876200,2161281,1571552,3675260,3910,1806,36
2024-01-25 00:00,1880166,2170914,1571552,3678508,2323,3397,38
2024-01-26 00:00,1886119,2180914,1571552,3683904,1394,73,40
2024-01-27 00:00,1890217,2187926,1571552,3687584,3180,1282,154
2024-01-28 00:00,1911440,2187926,1580470,3687584,2685,1689,40
2024-01-29 00:00,1933458,2187926,1595029,3687584,2010,2334,38
2024-01-30 00:00,1940872,2196951,1595029,3691077,2463,893,123
2024-01-31 00:00,1947260,2210401,1595029,3691823,2541,2273,39
2024-02-01 00:00,1953741,2225902,1595029,3692057,2057,883,37
2024-02-02 00:00,1960731,2234611,1595029,3709385,3121,2106,123
2024-02-03 00:00,1967086,2246028,1595029,3710566,4034,2365,650
2024-02-04 00:00,1986005,2246028,1595929,3710566,2802,590,37
2024-02-05 00:00,2000037,2246028,1596979,3710566,2220,3076,37
2024-02-06 00:00,2004713,2258984,1596979,3710601,2483,1970,39
2024-02-07 00:00,2010816,2273626,1596979,3710667,2112,2015,39
2024-02-08 00:00,2019682,2284156,1596979,3724839,2718,309,35
2024-02-09 00:00,2031817,2300706,1596979,3725060,3120,2416,38
2024-02-10 00:00,2041777,2313565,1596979,3726150,4420,2328,530
2024-02-11 00:00,2062625,2313565,1598520,3726150,2411,2444,37
2024-02-12 00:00,2078032,2313565,1598571,3726150,2536,2285,129
2024-02-13 00:00,2084190,2324445,1598571,3729808,2016,2201,38
2024-02-14 00:00,2092925,2335287,1598571,3731787,2231,2092,37
2024-02-15 00:00,2098941,2345975,1598571,3731903,2184,1971,36
2024-02-16 00:00,2102629,2355159,1598571,3732156,2672,763,38
2024-02-17 00:00,2106901,2367057,1598571,3732983,3677,681,489
2024-02-18 00:00,2119850,2367057,1609448,3732983,2399,998,39
2024-02-19 00:00,2134068,2367057,1609599,3732983,3149,1950,36
2024-02-20 00:00,2140699,2379202,1609599,3733744,3268,1538,39
2024-02-21 00:00,2147705,2387077,1609599,3737462,2598,2068,42
2024-02-22 00:00,2152673,2397811,1609599,3738359,2367,1035,38
2024-02-23 00:00,2156694,2405374,1609599,3742037,3278,210,39
2024-02-24 00:00,2165590,2421043,1609599,3744104,3448,766,665
2024-02-25 00:00,2188131,2421043,1612459,3744104,2268,1978,30
2024-02-26 00:00,2208292,2421043,1614283,3744104,2447,2573,39
2024-02-27 00:00,2217687,2434772,1614283,3744235,2054,864,40
2024-02-28 00:00,2225935,2445397,1614283,3750594,2444,1820,37
2024-02-29 00:00,2234256,2455026,1614283,3752133,2104,2535,36
2024-03-01 00:00,2240600,2465188,1614283,3753127,3806,555,32
2024-03-02 00:00,2245667,2473787,1614283,3767852,2262,895,34
2024-03-03 00:00,2253959,2473787,1631685,3767852,982,2534,38
2024-03-04 00:00,2260258,2473787,1654239,3767852,3938,2502,51
2024-03-05 00:00,2263910,2486597,1654239,3768777,2194,1342,36
2024-03-06 00:00,2268870,2501634,1654239,3768777,2171,2078,38
2024-03-07 00:00,2276976,2511013,1654239,3777440,2160,3743,35
2024-03-08 00:00,2286100,2525965,1654239,3778986,3887,319,38
2024-03-09 00:00,2297210,2534318,1654239,3805237,2499,1220,36
2024-03-10 00:00,2311233,2534318,1672184,3805237,2051,565,35
2024-03-11 00:00,2326567,2534318,1687099,3805237,2169,795,37
2024-03-12 00:00,2333418,2542912,1687099,3807064,2077,905,41
2024-03-13 00:00,2338833,2552303,1687099,3807795,2381,894,37
2024-03-14 00:00,2346260,2559382,1687099,3809117,2258,1415,41
2024-03-15 00:00,2349954,2564827,1687099,3822720,2883,2975,35
2024-03-16 00:00,2353248,2571297,1687099,3830302,2936,1383,118
2024-03-17 00:00,2364991,2571297,1703286,3830302,3317,3148,33
2024-03-18 00:00,2383036,2571297,1707696,3830302,4194,3324,36
2024-03-19 00:00,2388861,2581766,1707696,3833253,3253,2420,38
2024-03-20 00:00,2394402,2589081,1707696,3842295,2145,2675,138
2024-03-21 00:00,2398022,2595189,1707696,3850272,2167,1682,41
2024-03-22 00:00,2402343,2603087,1707696,3854514,3051,2000,104
2024-03-23 00:00,2406886,2615091,1707696,3855498,3449,626,120
2024-03-24 00:00,2422450,2615091,1725116,3855498,2270,2191,37
2024-03-25 00:00,2438862,2615091,1732310,3855498,1852,741,38
2024-03-26 00:00,2445536,2619611,1732310,3873711,2289,1426,33
2024-03-27 00:00,2454037,2627191,1732310,3892994,3225,2040,36
2024-03-28 00:00,2459822,2634853,1732310,3898752,4253,781,32
2024-03-29 00:00,2465797,2641827,1732310,3908448,3547,2368,143
2024-03-30 00:00,2471642,2648817,1732310,3921001,3940,2213,518
2024-03-31 00:00,2485937,2648817,1740564,3921001,1086,1167,37
2024-04-01 00:00,2492779,2648817,1756018,3921001,2103,1597,34
2024-04-02 00:00,2503249,2648817,1758911,3921001,2196,1439,38
2024-04-03 00:00,2508644,2655820,1758911,3930612,2085,970,85
2024-04-04 00:00,2512753,2661726,1758911,3936407,2469,2167,33
2024-04-05 00:00,2518621,2671597,1758911,3941508,3841,1214,38
2024-04-06 00:00,2522350,2677119,1758911,3950235,1816,1253,33
2024-04-07 00:00,2526782,2677119,1778691,3950235,2381,1464,32
2024-04-08 00:00,2532002,2677119,1812051,3950235,2254,444,38
2024-04-09 00:00,2534220,2680471,1812051,3965983,2228,1991,26
2024-04-10 00:00,2536028,2687084,1812051,3977170,2060,647,38
2024-04-11 00:00,2540202,2690729,1812051,4012919,2331,950,38
2024-04-12 00:00,2542011,2695596,1812051,4017396,2386,965,34
2024-04-13 00:00,2544630,2698961,1812051,4044137,3888,2352,170
2024-04-14 00:00,2552667,2698961,1828416,4044137,2085,2203,33
2024-04-15 00:00,2561741,2698961,1858237,4044137,2942,1939,41
2024-04-16 00:00,2569827,2709832,1858237,4049532,2196,1843,40
2024-04-17 00:00,2577610,2715334,1858237,4066360,2128,306,34
2024-04-18 00:00,2581975,2719785,1858237,4093541,2256,486,30
2024-04-19 00:00,2590789,2724287,1858237,4111624,3813,1857,38
2024-04-20 00:00,2597067,2732867,1858237,4119165,4032,394,169
2024-04-21 00:00,2611771,2732867,1876625,4119165,1932,2114,114
2024-04-22 00:00,2625824,2732867,1900179,4119165,2226,403,36
2024-04-23 00:00,2631356,2737564,1900179,4151853,3147,1936,40
2024-04-24 00:00,2640991,2742985,1900179,4174745,3794,1855,33
2024-04-25 00:00,2649590,2749116,1900179,4189353,1841,664,36
2024-04-26 00:00,2657156,2753360,1900179,4207358,2067,97,36
2024-04-27 00:00,2663404,2756985,1900179,4232522,3585,2234,653
2024-04-28 00:00,2673744,2756985,1914788,4232522,2233,1928,36
2024-04-29 00:00,2679332,2756985,1938165,4232522,2467,730,37
2024-04-30 00:00,2682061,2760155,1938165,4263578,2365,525,36
2024-05-01 00:00,2683616,2764475,1938165,4291318,2516,1592,35
2024-05-02 00:00,2684879,2767140,1938178,4319355,2147,559,35
2024-05-03 00:00,2686212,2770045,1938178,4355189,4211,901,37
2024-05-04 00:00,2687826,2774874,1938187,4357188,3445,3699,373
2024-05-05 00:00,2696173,2774874,1956452,4357188,1891,118,36
2024-05-06 00:00,2699647,2774874,1973601,4357188,2685,1786,36
2024-05-07 00:00,2701404,2778760,1973601,4385715,2350,1146,34
2024-05-08 00:00,2704051,2782304,1973621,4423922,2412,1148,39
2024-05-09 00:00,2706684,2786607,1973621,4443557,2664,1574,34
2024-05-10 00:00,2710369,2786607,1996523,4443557,2132,762,36
2024-05-11 00:00,2712263,2789348,1996525,4473140,2619,2445,38
2024-05-12 00:00,2719021,2789348,2027434,4473140,2475,696,40
2024-05-13 00:00,2723938,2789348,2065077,4473140,1434,987,33
2024-05-14 00:00,2725322,2790856,2065081,4504723,709,479,33
2024-05-15 00:00,2726630,2791825,2065081,4541210,3291,636,35
2024-05-16 00:00,2728149,2793253,2065081,4566839,1199,1128,35
2024-05-17 00:00,2729817,2794956,2065086,4587959,1001,310,32
2024-05-18 00:00,2731081,2795647,2065132,4608593,3127,90,37
2024-05-19 00:00,2733437,2795647,2100295,4608593,403,101,37
2024-05-20 00:00,2735130,2795647,2140604,4608593,949,108,38
2024-05-21 00:00,2737587,2795647,2159015,4608593,1916,796,38
2024-05-22 00:00,2738932,2797772,2159024,4632094,2342,1356,34
2024-05-23 00:00,2740417,2800464,2159024,4641508,1825,1680,36
2024-05-24 00:00,2742127,2802401,2159025,4655689,1593,1736,35
2024-05-25 00:00,2743529,2804200,2159044,4669031,3481,101,254
2024-05-26 00:00,2748010,2804200,2174152,4669031,1640,2823,35
2024-05-27 00:00,2751238,2804200,2199252,4669031,1919,810,34
2024-05-28 00:00,2752705,2805435,2199256,4691308,3203,1310,32
2024-05-29 00:00,2754043,2807592,2199267,4712790,2082,2068,38
2024-05-30 00:00,2755456,2810098,2199267,4724960,1480,2074,39
2024-05-31 00:00,2756831,2812107,2199336,4743371,2179,931,34
2024-06-01 00:00,2758196,2814318,2199376,4753064,3210,712,248
2024-06-02 00:00,2763571,2814318,2205578,4753064,2135,1943,35
2024-06-03 00:00,2769276,2814318,2222344,4753064,1721,905,34
2024-06-04 00:00,2770720,2815879,2222344,4764173,2209,1245,38
2024-06-05 00:00,2772207,2818677,2222365,4779172,1129,2128,39
2024-06-06 00:00,2774427,2819775,2222387,4813235,1908,1423,33
2024-06-07 00:00,2775970,2822335,2222398,4826480,2450,786,35
2024-06-08 00:00,2778781,2825075,2222404,4847754,3502,1839,443
2024-06-09 00:00,2785009,2825075,2232883,4847754,1144,504,38
2024-06-10 00:00,2790511,2825075,2245758,4847754,1975,689,41
2024-06-11 00:00,2793415,2830698,2245802,4851735,2210,1696,41
2024-06-12 00:00,2797833,2834526,2245811,4870978,1909,1522,36
2024-06-13 00:00,2801160,2837169,2245867,4889757,2304,1962,37
2024-06-14 00:00,2806179,2839906,2245867,4902143,1361,2115,37
2024-06-15 00:00,2808815,2841603,2245867,4911771,3265,1463,156
2024-06-16 00:00,2816185,2841603,2263605,4911771,3015,2239,38
2024-06-17 00:00,2820752,2841603,2278738,4911771,1103,1204,38
2024-06-18 00:00,2822117,2842608,2278793,4943916,1758,1543,38
2024-06-19 00:00,2823449,2844059,2278796,4954692,2042,141,38
2024-06-20 00:00,2825761,2845163,2278818,4982860,2379,1491,40
2024-06-21 00:00,2828895,2847927,2278818,5013015,2172,1904,37
2024-06-22 00:00,2830157,2851281,2278854,5017938,3205,103,222
2024-06-23 00:00,2833516,2851281,2304765,5017938,1497,118,39
2024-06-24 00:00,2835876,2851281,2333374,5017938,1885,739,37
2024-06-25 00:00,2837538,2852748,2333375,5053364,1287,1955,39
2024-06-26 00:00,2838780,2855648,2333376,5084154,1971,709,32
2024-06-27 00:00,2840324,2858133,2333378,5115810,2720,683,36
2024-06-28 00:00,2842623,2860734,2333381,5141020,2287,1491,30
2024-06-29 00:00,2844025,2862247,2333427,5163438,3411,141,35
2024-06-30 00:00,2849217,2862247,2360873,5163438,2514,159,37
2024-07-01 00:00,2852606,2862247,2385623,5163438,1968,1683,38
2024-07-02 00:00,2854007,2864127,2385649,5179275,2493,1566,36
2024-07-03 00:00,2856120,2867364,2385649,5188962,2052,827,39
2024-07-04 00:00,2857324,2870788,2385690,5199599,2181,1517,38
2024-07-05 00:00,2860813,2871744,2385695,5232787,2101,116,33
2024-07-06 00:00,2862066,2874202,2385740,5241964,3454,1866,402
2024-07-07 00:00,2868521,2874202,2403504,5241964,2326,1470,32
2024-07-08 00:00,2872315,2874202,2421021,5241964,2216,1117,33
2024-07-09 00:00,2874715,2875592,2421021,5263423,1375,1575,38
2024-07-10 00:00,2875991,2876174,2421047,5286757,495,101,38
2024-07-11 00:00,2877260,2876592,2421095,5314388,1473,1459,39
2024-07-12 00:00,2878457,2877637,2421173,5338952,2905,2721,39
2024-07-13 00:00,2879816,2884742,2421237,5342865,5513,654,40
2024-07-14 00:00,2886207,2884742,2435542,5342865,1864,2369,37
2024-07-15 00:00,2889860,2884742,2453898,5342865,2487,1681,33
2024-07-16 00:00,2891208,2887035,2453903,5372295,1552,798,36
2024-07-17 00:00,2892532,2888481,2453919,5390539,1926,886,38
2024-07-18 00:00,2893911,2889764,2453919,5411140,1426,1343,39
2024-07-19 00:00,2895225,2890868,2453928,5445552,2410,1561,39
2024-07-20 00:00,2896540,2892892,2453930,5474181,3589,1855,36
2024-07-21 00:00,2900953,2892892,2474446,5474181,4889,119,39
2024-07-22 00:00,2910829,2892892,2482088,5474181,1734,2398,33
2024-07-23 00:00,2913112,2896851,2482088,5497987,1576,1676,39
2024-07-24 00:00,2914472,2897776,2482106,5521869,1726,484,33
2024-07-25 00:00,2915781,2898836,2482108,5547321,1644,2111,40
2024-07-26 00:00,2917173,2901175,2482108,5559421,2107,519,36
2024-07-27 00:00,2918747,2903303,2482108,5575449,3329,1256,35
2024-07-28 00:00,2922444,2903303,2507359,5575449,588,115,31
2024-07-29 00:00,2924381,2903303,2547080,5575449,1281,1288,38
2024-07-30 00:00,2925744,2905462,2547080,5611792,2879,1906,35
2024-07-31 00:00,2927248,2910527,2547081,5637096,1993,1028,37
2024-08-01 00:00,2928581,2912025,2547081,5665984,2264,461,37
2024-08-02 00:00,2931252,2913163,2547081,5684274,1744,1943,31
2024-08-03 00:00,2932637,2916467,2547081,5713271,3151,383,80
2024-08-04 00:00,2937392,2916467,2561199,5713271,1346,1508,32
2024-08-05 00:00,2940436,2916467,2583738,5713271,2272,1290,34
2024-08-06 00:00,2941795,2919889,2583738,5737292,2176,1380,37
2024-08-07 00:00,2943201,2923097,2583738,5766393,2847,311,35
2024-08-08 00:00,2944628,2927986,2583738,5782014,1943,1166,31
2024-08-09 00:00,2946868,2931285,2583738,5808225,1869,1669,37
2024-08-10 00:00,2948415,2932847,2583738,5828552,3574,691,36
2024-08-11 00:00,2956802,2932847,2602513,5828552,2495,3167,35
2024-08-12 00:00,2962983,2932847,2621233,5828552,3011,1961,37
2024-08-13 00:00,2964678,2940186,2621233,5856759,1981,104,33
2024-08-14 00:00,2966783,2942977,2621233,5884254,3145,685,38
2024-08-15 00:00,2968401,2951737,2621233,5890395,3202,3165,38
2024-08-16 00:00,2972825,2958702,2621233,5907921,2074,427,32
2024-08-17 00:00,2974822,2963589,2621233,5921428,2609,973,35
2024-08-18 00:00,2979823,2963589,2649349,5921428,2717,114,35
2024-08-19 00:00,2984550,2963589,2663297,5921428,1586,3497,34
2024-08-20 00:00,2985909,2965246,2663297,5942018,2057,1809,36
2024-08-21 00:00,2987257,2967777,2663297,5956976,2177,1896,35
2024-08-22 00:00,2988620,2971326,2663297,5978856,2338,1657,40
2024-08-23 00:00,2992252,2972540,2663297,5992763,2211,104,31
2024-08-24 00:00,2993598,2974395,2663297,6012272,2855,127,39
2024-08-25 00:00,2997048,2974395,2679988,6012272,537,141,38
2024-08-26 00:00,2999045,2974395,2711702,6012272,495,106,35
2024-08-27 00:00,3000374,2975127,2711702,6034443,691,118,37
2024-08-28 00:00,3001747,2975827,2711702,6069939,2227,98,37
2024-08-29 00:00,3004208,2976500,2711702,6107164,669,102,34
2024-08-30 00:00,3005570,2977203,2711702,6133536,2214,102,39
2024-08-31 00:00,3008112,2977989,2711702,6169250,2137,109,37
2024-09-01 00:00,3010229,2977989,2743474,6169250,439,107,35
2024-09-02 00:00,3012339,2977989,2778920,6169250,1262,109,33
2024-09-03 00:00,3014399,2981018,2778920,6196855,1128,102,35
2024-09-04 00:00,3019907,2984636,2778920,6209781,3107,2696,82
2024-09-05 00:00,3021268,2991069,2778920,6211174,2300,627,33
2024-09-06 00:00,3023847,2992918,2778920,6238991,2031,943,36
2024-09-07 00:00,3025265,2997514,2778920,6253106,4288,3253,420
2024-09-08 00:00,3034509,2997514,2794101,6253106,1128,2327,36
2024-09-09 00:00,3040170,2997514,2819284,6253106,3186,2732,39
2024-09-10 00:00,3041589,3002930,2819284,6268714,1947,821,37
2024-09-11 00:00,3043159,3007041,2819284,6274706,2336,1803,33
2024-09-12 00:00,3044853,3010338,2819284,6286759,2564,1567,36
2024-09-13 00:00,3047621,3012803,2819284,6307293,1298,638,35
2024-09-14 00:00,3049564,3014189,2819284,6330561,2541,2544,271
2024-09-15 00:00,3055881,3014189,2838117,6330561,3451,1911,123
2024-09-16 00:00,3062346,3014189,2850007,6330561,2322,1988,34
2024-09-17 00:00,3063809,3018807,2850007,6351337,2272,1001,30
2024-09-18 00:00,3066798,3022322,2850007,6379287,1050,2034,34
2024-09-19 00:00,3068241,3024592,2850007,6407299,2496,888,36
2024-09-20 00:00,3069642,3029775,2850007,6429353,2897,1503,32
2024-09-21 00:00,3071094,3033274,2850007,6457083,2224,2609,36
2024-09-22 00:00,3074633,3033274,2872835,6457083,1500,1737,130
2024-09-23 00:00,3078512,3033274,2901417,6457083,1710,2092,129
2024-09-24 00:00,3079955,3036918,2901417,6470045,1757,1915,145
2024-09-25 00:00,3081365,3039986,2901417,6489161,3485,122,24
2024-09-26 00:00,3084036,3046403,2901417,6492819,2095,847,37
2024-09-27 00:00,3085435,3049631,2901417,6507519,2477,1888,39
2024-09-28 00:00,3087049,3055802,2901417,6509304,3392,2102,362
2024-09-29 00:00,3095621,3055802,2916552,6509304,3019,443,36
2024-09-30 00:00,3102292,3055802,2942757,6509304,2021,359,33
2024-10-01 00:00,3104300,3058841,2942757,6530736,2502,2063,38
2024-10-02 00:00,3108268,3064380,2942757,6535424,3519,3006,33
2024-10-03 00:00,3110189,3070259,2942757,6539541,2291,1500,35
2024-10-04 00:00,3114164,3076897,2942757,6566227,1953,1055,29
2024-10-05 00:00,3116381,3080464,2942757,6592603,2207,2017,126
2024-10-06 00:00,3121002,3080464,2966576,6592603,2118,1554,138
2024-10-07 00:00,3127436,3080464,2987150,6592603,1459,1039,38
2024-10-08 00:00,3128943,3083125,2987150,6611335,1677,962,37
2024-10-09 00:00,3130487,3084994,2987150,6621499,2520,1896,38
2024-10-10 00:00,3131853,3089192,2987150,6626802,2138,1135,35
2024-10-11 00:00,3134495,3093066,2987150,6636401,3242,2041,37
2024-10-12 00:00,3136177,3099863,2987150,6657968,3388,1943,388
2024-10-13 00:00,3147299,3099863,2992852,6657968,2897,1580,40
2024-10-14 00:00,3154865,3099863,3010463,6657968,2482,1005,39
2024-10-15 00:00,3157548,3104038,3010463,6666472,2127,902,40
2024-10-16 00:00,3163137,3109444,3010463,6692676,2462,1498,32
2024-10-17 00:00,3165797,3114588,3010463,6703739,2567,1934,37
2024-10-18 00:00,3167507,3121861,3010463,6705082,1442,1764,38
2024-10-19 00:00,3169160,3124044,3010463,6723297,4405,2513,670
2024-10-20 00:00,3183464,3124044,3010620,6723297,4460,1983,127
2024-10-21 00:00,3193645,3124044,3016331,6723297,2359,2327,145
2024-10-22 00:00,3195417,3130980,3016331,6724922,1759,1884,30
2024-10-23 00:00,3198116,3136911,3016331,6746096,2108,4149,38
2024-10-24 00:00,3201740,3143276,3016331,6754526,2104,679,39
2024-10-25 00:00,3205182,3148212,3016331,6778001,3281,2029,99
2024-10-26 00:00,3207592,3157698,3016331,6782346,2567,3013,37
2024-10-27 00:00,3217609,3157698,3028117,6782346,1898,1578,38
2024-10-28 00:00,3226183,3157698,3035251,6782346,2843,2640,37
2024-10-29 00:00,3228889,3165653,3035251,6782631,2194,1335,35
2024-10-30 00:00,3230955,3171075,3035251,6784164,2982,1912,34
2024-10-31 00:00,3232994,3180913,3035251,6786001,2147,1919,41
2024-11-01 00:00,3235503,3188274,3035251,6787583,2349,2311,37
2024-11-02 00:00,3237821,3198358,3035251,6787677,3823,2455,389
2024-11-03 00:00,3254274,3198358,3040024,6787677,2424,2315,39
2024-11-04 00:00,3268814,3198358,3056464,6787677,2842,1918,36
2024-11-05 00:00,3273092,3207799,3056464,6787785,2088,1845,36
2024-11-06 00:00,3278702,3218636,3056464,6797147,2642,1180,83
2024-11-07 00:00,3283598,3229187,3056464,6797260,2046,781,41
2024-11-08 00:00,3288547,3242564,3056464,6797263,2809,2395,42
2024-11-09 00:00,3294795,3266153,3056464,6797265,3855,2170,668
2024-11-10 00:00,3319113,3266153,3056479,6797265,1283,1701,38
2024-11-11 00:00,3331444,3266153,3056557,6797265,1899,1835,42
2024-11-12 00:00,3335524,3274543,3056557,6799397,1608,4570,124
2024-11-13 00:00,3339716,3283533,3056557,6803638,2648,1710,39
2024-11-14 00:00,3344801,3293911,3056557,6805262,2185,1983,39
2024-11-15 00:00,3348876,3303577,3056557,6805808,2340,1872,39
2024-11-16 00:00,3353012,3315370,3056557,6805824,3715,1837,668
2024-11-17 00:00,3373275,3315370,3056557,6805824,2772,1735,123
2024-11-18 00:00,3390023,3315370,3063039,6805824,2209,1786,35
2024-11-19 00:00,3397396,3325955,3063039,6818115,2463,1811,36
2024-11-20 00:00,3404252,3342283,3063039,6818378,2990,2382,40
2024-11-21 00:00,3413328,3365212,3063039,6818398,2285,1884,39
2024-11-22 00:00,3422141,3387252,3063039,6818483,2447,1796,41
2024-11-23 00:00,3432038,3404024,3063039,6819633,3602,2976,656
2024-11-24 00:00,3465933,3404024,3063338,6819633,2318,3771,38
2024-11-25 00:00,3478661,3404024,3065411,6819633,2167,1181,38
2024-11-26 00:00,3480920,3412793,3065411,6819683,2553,1918,39
2024-11-27 00:00,3487427,3425721,3065411,6820720,3846,1304,126
2024-11-28 00:00,3494677,3443341,3065411,6820720,2213,2223,40
2024-11-29 00:00,3500658,3453855,3065411,6825356,3054,1875,39
2024-11-30 00:00,3507247,3468536,3065411,6831464,4072,1952,585
2024-12-01 00:00,3536530,3468536,3067695,6831464,1351,2969,38
2024-12-02 00:00,3564613,3468536,3070934,6831464,2780,2394,40
2024-12-03 00:00,3569786,3480379,3070934,6831961,2251,684,37
2024-12-04 00:00,3575443,3491832,3070934,6834351,2671,2098,40
2024-12-05 00:00,3584558,3507968,3070934,6838806,3917,3096,41
2024-12-06 00:00,3593247,3529192,3070934,6838806,2529,1543,40
2024-12-07 00:00,3597757,3538738,3070934,6839740,3574,108,669
2024-12-08 00:00,3616891,3538738,3074035,6839740,1051,112,40
2024-12-09 00:00,3630386,3538738,3076884,6839740,1078,111,40
2024-12-10 00:00,3637224,3550464,3076884,6839750,1090,152,39
2024-12-11 00:00,3643844,3562697,3076884,6839750,2377,142,35
2024-12-12 00:00,3651769,3574890,3076884,6839946,2106,108,37
2024-12-13 00:00,3657611,3587438,3076884,6839946,2206,102,38
2024-12-14 00:00,3665534,3604125,3076884,6839946,3595,105,686
2024-12-15 00:00,3692820,3604125,3076920,6839946,1707,125,38
2024-12-16 00:00,3708288,3604125,3076920,6839946,2658,2195,36
2024-12-17 00:00,3712254,3616731,3076920,6839970,2347,1854,113
2024-12-18 00:00,3717155,3629635,3076920,6840676,2796,1824,41
2024-12-19 00:00,3721889,3640673,3076920,6840676,2269,2004,35
2024-12-20 00:00,3725553,3655947,3076920,6840676,2119,1836,36
2024-12-21 00:00,3732007,3665851,3076920,6844139,3644,1776,675
2024-12-22 00:00,3752667,3665851,3076977,6844139,2793,1884,40
2024-12-23 00:00,3774183,3665851,3077201,6844139,2081,102,41
2024-12-24 00:00,3780661,3674217,3077201,6850837,2031,107,37
2024-12-25 00:00,3788392,3685200,3077201,6850939,1658,162,35
2024-12-26 00:00,3800305,3685200,3077209,6850939,2664,1584,35
2024-12-27 00:00,3820097,3685200,3077209,6850939,2424,1778,34
2024-12-28 00:00,3826868,3701767,3077209,6850997,5515,2475,702
2024-12-29 00:00,3869921,3701767,3077209,6850997,2766,2370,36
2024-12-30 00:00,3893112,3701767,3077209,6850997,3739,2080,41
2024-12-31 00:00,3899170,3718133,3077209,6850997,3343,839,42
2025-01-01 00:00,3904097,3735253,3077209,6850997,3589,2235,118
2025-01-02 00:00,3926107,3735253,3077209,6850997,2246,2576,40
2025-01-03 00:00,3935741,3748816,3077209,6857384,2955,2049,41
2025-01-04 00:00,3947888,3770575,3077209,6857552,3514,2431,676
2025-01-05 00:00,3984160,3770575,3077341,6857552,2912,2479,56
2025-01-06 00:00,4016875,3770575,3077341,6857552,2122,2469,40
2025-01-07 00:00,4022067,3783771,3077341,6857608,2232,1834,40
2025-01-08 00:00,4032007,3799150,3077341,6860571,4244,2126,37
2025-01-09 00:00,4041955,3812934,3077341,6865780,2469,1955,37
2025-01-10 00:00,4053188,3830455,3077341,6869234,3750,2897,122
2025-01-11 00:00,4062520,3845896,3077341,6876877,3618,1730,284
2025-01-12 00:00,4089504,3845896,3082874,6876877,2494,685,39
2025-01-13 00:00,4111790,3845896,3085383,6876877,2791,1091,39
2025-01-14 00:00,4122265,3856457,3085383,6891484,2648,2095,40
2025-01-15 00:00,4133391,3871329,3085383,6891491,3097,4838,41
2025-01-16 00:00,4138388,3886100,3085383,6891547,2089,2011,36
2025-01-17 00:00,4146772,3900682,3085383,6891547,3577,949,41
2025-01-18 00:00,4156912,3924785,3085383,6891547,3598,2039,664
2025-01-19 00:00,4199250,3924785,3085383,6891547,3755,1204,62
2025-01-20 00:00,4236002,3924785,3085383,6891547,3478,2346,41
2025-01-21 00:00,4248049,3950902,3085383,6891547,3613,1041,38
2025-01-22 00:00,4259251,3972532,3085383,6891547,2870,1035,110
2025-01-23 00:00,4271275,3989758,3085383,6892125,2521,2013,38
2025-01-24 00:00,4278546,4002893,3085383,6894565,2795,1037,39
2025-01-25 00:00,4284217,4017992,3085383,6894565,3587,2011,695
2025-01-26 00:00,4308609,4017992,3086625,6894565,3577,2457,40
2025-01-27 00:00,4334315,4017992,3095291,6894565,1874,2463,38
2025-01-28 00:00,4341711,4026955,3095291,6903687,3336,775,33
2025-01-29 00:00,4349799,4037003,3095291,6907597,2787,2516,39
2025-01-30 00:00,4355556,4049622,3095291,6908527,2547,1923,39
2025-01-31 00:00,4364505,4062654,3095291,6909202,3922,933,38
2025-02-01 00:00,4374163,4073814,3095291,6923544,3161,1893,301
2025-02-02 00:00,4393359,4073814,3099373,6923544,2470,118,33
2025-02-03 00:00,4416199,4073814,3116930,6923544,2513,3462,32
2025-02-04 00:00,4427708,4086716,3116930,6931687,3779,649,39
2025-02-05 00:00,4437088,4104783,3116930,6932092,2468,1843,38
2025-02-06 00:00,4444368,4113814,3116930,6946720,2890,820,36
2025-02-07 00:00,4453307,4123660,3116930,6963360,2881,2340,37
2025-02-08 00:00,4464755,4140907,3116930,6966883,3788,1786,635
2025-02-09 00:00,4502507,4140907,3116994,6966883,2568,2569,32
2025-02-10 00:00,4523040,4140907,3127386,6966883,2785,1147,126
2025-02-11 00:00,4531908,4157635,3127386,6967275,3130,1875,34
2025-02-12 00:00,4543327,4182512,3127386,6967275,3574,2403,40
2025-02-13 00:00,4553767,4209429,3127386,6967275,3555,1949,40
2025-02-14 00:00,4564965,4230822,3127386,6967452,3141,711,36
2025-02-15 00:00,4575294,4250874,3127386,6967628,3467,609,630
2025-02-16 00:00,4606160,4250874,3127754,6967628,2943,1547,32
2025-02-17 00:00,4628620,4250874,3142216,6967628,3143,1418,691
2025-02-18 00:00,4646040,4260064,3142216,6989260,3662,547,696
2025-02-19 00:00,4661442,4273587,3142216,7012219,4305,2501,38
2025-02-20 00:00,4672596,4285434,3142216,7029051,3514,2802,40
2025-02-21 00:00,4681843,4295405,3142216,7031778,2384,955,39
2025-02-22 00:00,4685707,4300823,3142216,7048426,3788,3042,587
2025-02-23 00:00,4703363,4300823,3142503,7048426,2670,2076,40
2025-02-24 00:00,4718354,4300823,3152429,7048426,2448,1960,38
2025-02-25 00:00,4722763,4309679,3152429,7049018,2766,2108,131
2025-02-26 00:00,4728160,4317877,3152429,7053417,3933,1546,132
2025-02-27 00:00,4734539,4325708,3152429,7070091,2396,904,38
2025-02-28 00:00,4741914,4335472,3152429,7076354,2839,2043,34
2025-03-01 00:00,4748824,4344923,3152429,7082819,3589,1190,465
2025-03-02 00:00,4768909,4344923,3164530,7082819,2374,1784,38
2025-03-03 00:00,4783362,4344923,3190689,7082819,2220,2519,32
2025-03-04 00:00,4791862,4350874,3190689,7109726,2170,534,34
2025-03-05 00:00,4796886,4357861,3190689,7133890,2803,864,30
2025-03-06 00:00,4799143,4366032,3190689,7161547,3183,484,38
2025-03-07 00:00,4801967,4372565,3190689,7187510,3195,2604,39
2025-03-08 00:00,4804060,4379817,3190689,7215983,2269,300,38
2025-03-09 00:00,4807768,4379817,3213819,7215983,1809,752,147
2025-03-10 00:00,4812921,4379817,3240514,7215983,2447,478,38
2025-03-11 00:00,4814820,4384149,3240514,7245039,3371,633,35
2025-03-12 00:00,4817152,4391132,3240514,7258340,2678,2272,34
2025-03-13 00:00,4826049,4398210,3240514,7279574,3196,1571,38
2025-03-14 00:00,4833870,4408189,3240514,7290236,3131,1373,34
2025-03-15 00:00,4844734,4415405,3240514,7303924,2219,1829,35
2025-03-16 00:00,4861995,4415405,3264875,7303924,3043,2177,37
2025-03-17 00:00,4874409,4415405,3273356,7303924,2584,706,37
2025-03-18 00:00,4883342,4421594,3273356,7338670,2294,136,36
2025-03-19 00:00,4889027,4428565,3273356,7376299,3097,2704,37
2025-03-20 00:00,4894493,4436250,3273356,7409004,1765,107,35
2025-03-21 00:00,4896335,4438950,3273356,7434684,970,136,34
2025-03-22 00:00,4898157,4440023,3273356,7470912,2200,119,32
2025-03-23 00:00,4902218,4440023,3302243,7470912,865,106,37
2025-03-24 00:00,4905375,4440023,3314630,7470912,1518,614,37
2025-03-25 00:00,4906922,4442277,3314630,7494381,2301,1163,40
2025-03-26 00:00,4909147,4448478,3314630,7502336,1781,2046,38
2025-03-27 00:00,4914659,4455538,3314630,7506037,1717,895,39
2025-03-28 00:00,4924239,4458113,3314630,7540477,2325,1851,39
2025-03-29 00:00,4925938,4462357,3314630,7570072,3252,2512,411
2025-03-30 00:00,4933258,4462357,3338177,7570072,3126,884,142
2025-03-31 00:00,4940378,4462357,3351068,7570072,1385,745,38
2025-04-01 00:00,4944397,4464889,3351068,7595906,2205,857,35
2025-04-02 00:00,4949252,4471432,3351068,7632217,2062,759,36
2025-04-03 00:00,4952363,4473681,3351068,7668640,1254,738,36
2025-04-04 00:00,4954217,4475557,3351068,7705581,2217,1019,36
2025-04-05 00:00,4957530,4478604,3351068,7737983,2453,484,35
2025-04-06 00:00,4963661,4478604,3382385,7737983,2931,846,33
2025-04-07 00:00,4975191,4478604,3421486,7737983,1128,1521,36
2025-04-08 00:00,4977139,4480453,3421486,7774715,2190,681,37
2025-04-09 00:00,4979862,4483712,3421486,7808893,2069,2772,36
2025-04-10 00:00,4981733,4490580,3421486,7813635,2766,556,37
2025-04-11 00:00,4987439,4493433,3421486,7837746,1954,1217,35
2025-04-12 00:00,4989244,4495354,3421486,7867866,2282,973,35
2025-04-13 00:00,4993354,4495354,3453204,7867866,2811,1664,36
2025-04-14 00:00,4998540,4495354,3475677,7867866,1848,1747,39
2025-04-15 00:00,5000173,4497773,3475677,7887924,2206,435,59
2025-04-16 00:00,5001760,4501512,3475677,7911357,2172,2014,37
2025-04-17 00:00,5003211,4509533,3475677,7914635,1925,2630,38
2025-04-18 00:00,5004722,4514293,3475677,7917203,2648,1969,38
2025-04-19 00:00,5008880,4518097,3475677,7932219,4061,2072,35
2025-04-20 00:00,5013982,4518097,3505363,7932219,2236,2418,32
2025-04-21 00:00,5019103,4518097,3528578,7932219,2089,1562,35
2025-04-22 00:00,5025849,4518097,3532511,7932219,2113,524,39
2025-04-23 00:00,5028834,4522969,3532511,7943973,2234,1776,31
2025-04-24 00:00,5033388,4527971,3532511,7950180,2283,2137,33
2025-04-25 00:00,5036783,4535221,3532511,7952841,3536,1940,38
2025-04-26 00:00,5041239,4541455,3532511,7959400,2963,95,334
2025-04-27 00:00,5051323,4541455,3560764,7959400,956,805,36
2025-04-28 00:00,5054000,4541455,3602214,7959400,968,951,37
2025-04-29 00:00,5055677,4543113,3602214,7996191,2092,1339,37
2025-04-30 00:00,5057751,4545922,3602214,8031946,2053,484,36
2025-05-01 00:00,5059310,4547702,3602214,8068498,2317,791,37
2025-05-02 00:00,5062003,4549061,3602214,8103781,2606,1541,35
2025-05-03 00:00,5064244,4552272,3602214,8123989,2739,2942,34
2025-05-04 00:00,5071966,4552272,3616147,8123989,895,1612,35
2025-05-05 00:00,5075158,4552272,3637422,8123989,1489,100,34
2025-05-06 00:00,5076715,4553071,3637422,8162472,1012,87,33
2025-05-07 00:00,5078426,4553734,3637427,8181006,924,100,32
2025-05-08 00:00,5080105,4554261,3637436,8221145,2352,543,32
2025-05-09 00:00,5082087,4556287,3637436,8247753,2153,1705,40
2025-05-10 00:00,5085191,4558395,3637436,8285526,3215,969,34
2025-05-11 00:00,5088693,4558395,3666952,8285526,3514,2747,33
2025-05-12 00:00,5101335,4558395,3686333,8285526,2306,554,33
2025-05-13 00:00,5102827,4561874,3686333,8295631,2633,827,35
2025-05-14 00:00,5105098,4565283,3686335,8315330,2550,726,32
2025-05-15 00:00,5107561,4570961,3686360,8325506,2224,824,35
2025-05-16 00:00,5109163,4574968,3686361,8342463,2080,103,34
2025-05-17 00:00,5112180,4576658,3686367,8355957,2348,1869,38
2025-05-18 00:00,5114722,4576658,3720459,8355957,808,116,34
2025-05-19 00:00,5116768,4576658,3757669,8355957,1963,2587,36
2025-05-20 00:00,5118341,4578543,3757680,8393996,2137,740,39
2025-05-21 00:00,5119821,4581448,3757682,8432153,2015,1960,37
2025-05-22 00:00,5121234,4584424,3757713,8456698,1710,1503,34
2025-05-23 00:00,5122724,4586341,3757720,8484553,3505,837,149
2025-05-24 00:00,5124562,4588944,3757743,8512792,4128,1697,370
2025-05-25 00:00,5132089,4588944,3767054,8512792,1876,633,38
2025-05-26 00:00,5135440,4588944,3779023,8512792,1945,1401,34
2025-05-27 00:00,5136768,4590983,3779058,8537590,3480,1031,38
2025-05-28 00:00,5138284,4595937,3779058,8549890,4562,1991,38
2025-05-29 00:00,5139723,4599846,3779058,8569589,2270,3994,37
2025-05-30 00:00,5151344,4599846,3784038,8569589,1911,591,38
2025-05-31 00:00,5152670,4600543,3784051,8593948,3081,103,166
2025-06-01 00:00,5155111,4600543,3813898,8593948,2424,2931,37
2025-06-02 00:00,5159283,4600543,3833327,8593948,1904,1778,36
2025-06-03 00:00,5160895,4602394,3833327,8624055,2345,1761,35
2025-06-04 00:00,5162844,4605464,3833348,8643548,2019,2418,38
2025-06-05 00:00,5164248,4608747,3833353,8657593,2491,1710,33
2025-06-06 00:00,5165731,4611683,3833406,8672564,1955,1857,34
2025-06-07 00:00,5167161,4614285,3833406,8695889,3934,1146,357
2025-06-08 00:00,5173290,4614285,3842655,8695889,2015,1917,39
2025-06-09 00:00,5177060,4614285,3854824,8695889,1720,471,32
2025-06-10 00:00,5180383,4614285,3873335,8695889,2379,2236,37
2025-06-11 00:00,5181711,4618301,3873335,8707658,3446,855,34
2025-06-12 00:00,5183669,4619909,3873355,8737723,1970,2253,35
2025-06-13 00:00,5185198,4621414,3873367,8773072,2199,102,34
2025-06-14 00:00,5186482,4623644,3873369,8800497,4442,355,259
2025-06-15 00:00,5191753,4623644,3886796,8800497,2414,1949,34
2025-06-16 00:00,5196878,4623644,3904303,8800497,2199,1764,33
2025-06-17 00:00,5199361,4625476,3904314,8821696,2256,706,32
2025-06-18 00:00,5200667,4628281,3904328,8847485,1695,1673,35
2025-06-19 00:00,5202107,4629984,3904356,8872392,1800,250,33
2025-06-20 00:00,5203623,4630752,3904363,8908815,2155,1561,36
2025-06-21 00:00,5206816,4632154,3904376,8947057,2814,680,38
2025-06-22 00:00,5209111,4632154,3931482,8947057,3393,2432,36
2025-06-23 00:00,5214869,4632154,3941756,8947057,1655,1841,36
2025-06-24 00:00,5216217,4635085,3941762,8974114,1913,1127,33
2025-06-25 00:00,5217548,4636940,3941780,8984264,2494,1928,34
2025-06-26 00:00,5218858,4640584,3941790,8994025,2296,2022,36
2025-06-27 00:00,5220668,4645652,3941801,9000972,572,279,37
2025-06-28 00:00,5222064,4646293,3941801,9017853,3715,1770,443
2025-06-29 00:00,5228442,4646293,3951015,9017853,2733,1288,34
2025-06-30 00:00,5232741,4646293,3974690,9017853,1604,568,39
2025-07-01 00:00,5234263,4647038,3974690,9048524,1545,897,39
2025-07-02 00:00,5235780,4649137,3974690,9075966,2222,1562,36
2025-07-03 00:00,5237054,4651977,3974710,9093686,1355,802,35
2025-07-04 00:00,5238450,4653160,3974737,9125304,2251,1119,35
2025-07-05 00:00,5239841,4655273,3974741,9152568,3417,1607,336
2025-07-06 00:00,5246336,4655273,3985152,9152568,924,931,39
2025-07-07 00:00,5248830,4655273,3994129,9152568,2540,812,34
2025-07-08 00:00,5250995,4658017,3994150,9164959,2251,719,38
2025-07-09 00:00,5252391,4660278,3994168,9182294,3837,2237,36
2025-07-10 00:00,5254139,4665218,3994173,9204957,1899,992,34
2025-07-11 00:00,5255772,4666396,3994173,9222944,2280,306,39
2025-07-12 00:00,5258390,4669154,3994175,9241559,2416,1654,35
2025-07-13 00:00,5262239,4669154,4016875,9241559,1379,1152,36
2025-07-14 00:00,5265434,4669154,4046999,9241559,1643,1596,33
2025-07-15 00:00,5266791,4670460,4046999,9262746,1945,807,35
2025-07-16 00:00,5268272,4672384,4046999,9283313,3893,136,36
2025-07-17 00:00,5269661,4674258,4047003,9307960,1894,4687,36
2025-07-18 00:00,5271138,4678167,4047003,9318220,1955,621,34
2025-07-19 00:00,5272809,4680199,4047003,9327133,3445,621,33
2025-07-20 00:00,5278330,4680199,4067560,9327133,2017,1735,39
2025-07-21 00:00,5282203,4680199,4083852,9327133,1329,1607,37
2025-07-22 00:00,5283670,4681717,4083852,9350797,1811,776,35
2025-07-23 00:00,5285225,4683103,4083852,9362920,1968,328,33
2025-07-24 00:00,5286643,4685682,4083852,9384749,1790,1844,33
2025-07-25 00:00,5288347,4687821,4083852,9400866,2065,1988,38
2025-07-26 00:00,5290197,4690839,4083852,9409037,3148,1450,132
2025-07-27 00:00,5297065,4690839,4092009,9409037,2089,640,38
2025-07-28 00:00,5301108,4690839,4107569,9409037,1711,1508,38
2025-07-29 00:00,5302524,4692115,4107569,9436252,1601,2006,39
2025-07-30 00:00,5303932,4693871,4107569,9452560,2051,1294,31
2025-07-31 00:00,5305547,4697664,4107579,9458626,2112,2227,38
2025-08-01 00:00,5307001,4700040,4107579,9474842,2109,1430,36
2025-08-02 00:00,5308363,4701228,4107580,9497679,3358,113,413
2025-08-03 00:00,5312693,4701228,4116680,9497679,2971,1701,36
2025-08-04 00:00,5316203,4701228,4140282,9497679,1443,1283,35
2025-08-05 00:00,5317570,4703404,4140282,9509993,1509,1115,33
2025-08-06 00:00,5319093,4704635,4140282,9532605,3462,2011,34
2025-08-07 00:00,5320552,4707152,4140282,9553168,1571,528,34
2025-08-08 00:00,5321997,4708393,4140282,9575404,768,1909,37
2025-08-09 00:00,5323424,4710062,4140282,9607112,2469,4442,36
2025-08-10 00:00,5329423,4710062,4164879,9607112,2965,2019,31
2025-08-11 00:00,5332693,4710062,4198815,9607112,806,1153,34
2025-08-12 00:00,5334156,4711297,4198815,9640680,1447,855,35
2025-08-13 00:00,5335609,4712150,4198815,9664975,447,110,32
2025-08-14 00:00,5336997,4712743,4198815,9698869,2302,106,35
2025-08-15 00:00,5339385,4713390,4198815,9732274,398,130,40
2025-08-16 00:00,5340748,4714103,4198815,9759171,2936,617,65
2025-08-17 00:00,5347079,4714103,4217816,9759171,2372,2102,39
2025-08-18 00:00,5353205,4714103,4228862,9759171,2182,1319,35
2025-08-19 00:00,5354600,4716479,4228862,9788735,1316,858,37
2025-08-20 00:00,5356124,4717612,4228862,9820003,2175,1966,32
2025-08-21 00:00,5357571,4720454,4228862,9853604,2763,1966,37
2025-08-22 00:00,5359096,4723470,4228862,9869676,2074,589,38
2025-08-23 00:00,5360526,4726123,4228862,9880000,3071,511,111
2025-08-24 00:00,5364988,4726123,4244431,9880000,2407,1894,38
2025-08-25 00:00,5369580,4726123,4263822,9880000,1890,764,35
2025-08-26 00:00,5371404,4728230,4263822,9895894,931,1031,132
2025-08-27 00:00,5372586,4730103,4263822,9916665,2279,1432,38
2025-08-28 00:00,5375305,4731793,4263822,9938347,937,929,35
2025-08-29 00:00,5376945,4732945,4263822,9955652,847,1334,34
2025-08-30 00:00,5378592,4734413,4263822,9980691,2852,124,326
2025-08-31 00:00,5382388,4734413,4283006,9980691,1955,2061,131
2025-09-01 00:00,5388380,4734413,4299479,9980691,2988,2082,38
2025-09-02 00:00,5389852,4736972,4299479,9996807,2558,2035,38
2025-09-03 00:00,5391809,4740583,4299479,10016038,3295,1904,38
2025-09-04 00:00,5393253,4744601,4299479,10026909,1650,1691,35
2025-09-05 00:00,5394929,4746488,4299479,10045232,2234,338,35
2025-09-06 00:00,5397319,4748258,4299479,10068323,3368,1397,169
2025-09-07 00:00,5402611,4748258,4320047,10068323,655,657,38
2025-09-08 00:00,5405968,4748258,4354924,10068323,2316,920,39
2025-09-09 00:00,5407532,4752794,4354924,10077892,2204,2317,37
2025-09-10 00:00,5409070,4757920,4354924,10079590,2397,925,34
2025-09-11 00:00,5411854,4761041,4354924,10104987,1235,1615,38
2025-09-12 00:00,5413274,4763445,4354924,10128419,2161,2692,38
2025-09-13 00:00,5415976,4767020,4354924,10150117,3202,1162,561
2025-09-14 00:00,5423927,4767020,4366641,10150117,2324,2828,37
2025-09-15 00:00,5431672,4767020,4381986,10150117,2224,2039,36
2025-09-16 00:00,5433138,4770109,4381986,10172227,2620,851,38
2025-09-17 00:00,5434865,4773683,4381986,10186343,2479,1018,40
2025-09-18 00:00,5436390,4778564,4381986,10191255,2275,1899,40
2025-09-19 00:00,5438236,4783497,4381986,10195798,2043,784,36
2025-09-20 00:00,5440284,4785010,4381986,10227045,3738,3092,687
2025-09-21 00:00,5451485,4785010,4389294,10227045,2794,1841,38
2025-09-22 00:00,5456089,4785010,4398919,10227045,1910,1054,34
2025-09-23 00:00,5457709,4788521,4398919,10253440,1966,558,32
2025-09-24 00:00,5459357,4791029,4398919,10283010,2013,1003,39
2025-09-25 00:00,5461199,4794662,4398919,10315517,1480,1360,38
2025-09-26 00:00,5462887,4796834,4398919,10344478,1351,142,37
2025-09-27 00:00,5464480,4798223,4398919,10371300,3507,128,557
2025-09-28 00:00,5472392,4798223,4403601,10371300,3749,1003,37
2025-09-29 00:00,5479002,4798223,4417758,10371300,1764,2071,31
2025-09-30 00:00,5480745,4801670,4417758,10380104,2167,765,36
2025-10-01 00:00,5482455,4805045,4417758,10402206,2814,1257,29
2025-10-02 00:00,5484126,4808287,4417758,10427635,1602,590,33
2025-10-03 00:00,5485929,4810811,4417758,10451894,3151,2407,38
2025-10-04 00:00,5487806,4819624,4417758,10454658,3405,1403,532
2025-10-05 00:00,5497853,4819624,4425864,10454658,3044,1892,42
2025-10-06 00:00,5509752,4819624,4429116,10454658,2674,1340,40
2025-10-07 00:00,5513241,4827151,4429116,10456250,1942,2095,39
2025-10-08 00:00,5514713,4831391,4429116,10462220,2347,1269,39
2025-10-09 00:00,5516399,4838190,4429116,10464682,2422,857,142
2025-10-10 00:00,5519433,4843490,4429116,10470748,4768,2108,39
2025-10-11 00:00,5521630,4847819,4429116,10483132,3965,1037,627
2025-10-12 00:00,5532960,4847819,4429852,10483132,2752,2872,38
2025-10-13 00:00,5542320,4847819,4432773,10483132,2114,1774,39
2025-10-14 00:00,5544034,4852079,4432773,10496586,2196,1338,38
2025-10-15 00:00,5546085,4856819,4432773,10505600,4085,1383,38
2025-10-16 00:00,5548282,4863292,4432773,10510947,2214,1761,38
2025-10-17 00:00,5552028,4870189,4432773,10518649,1744,606,37
2025-10-18 00:00,5554586,4873608,4432773,10531301,2549,2124,37
2025-10-19 00:00,5562811,4873608,4450705,10531301,1878,1530,38
2025-10-20 00:00,5573337,4873608,4460334,10531301,2977,891,30
2025-10-21 00:00,5576348,4880907,4460334,10535095,2320,1944,39
2025-10-22 00:00,5578680,4888630,4460334,10538702,2410,898,140
2025-10-23 00:00,5581533,4892934,4460334,10548122,2228,845,114
2025-10-24 00:00,5584664,4897981,4460334,10554412,3106,1470,35
2025-10-25 00:00,5589222,4905005,4460334,10565764,3563,151,622
2025-10-26 00:00,5604721,4905005,4464219,10565764,2994,2130,33
2025-10-27 00:00,5613464,4905005,4473019,10565764,2498,1391,36
2025-10-28 00:00,5619407,4913197,4473019,10573732,2563,2616,36
2025-10-29 00:00,5624771,4918789,4473019,10585227,3423,1252,38
2025-10-30 00:00,5630018,4924917,4473019,10588937,2714,1004,36
2025-10-31 00:00,5634038,4932363,4473019,10607795,2496,2730,40
2025-11-01 00:00,5638461,4940059,4473019,10610766,3709,2494,676
2025-11-02 00:00,5655556,4940059,4473116,10610766,2137,2052,36
2025-11-03 00:00,5662422,4940059,4485879,10610766,2117,117,34
2025-11-04 00:00,5667563,4944181,4485879,10611733,861,112,36
2025-11-05 00:00,5670104,4946532,4485879,10620580,1083,102,36
2025-11-06 00:00,5672995,4948699,4485879,10636053,2007,93,37
2025-11-07 00:00,5677316,4950932,4485879,10651014,2098,112,38
2025-11-08 00:00,5682216,4954923,4485879,10651645,3785,114,603
2025-11-09 00:00,5695122,4954923,4486989,10651645,1034,111,38
2025-11-10 00:00,5702044,4954923,4496326,10651645,1202,112,36
2025-11-11 00:00,5706541,4961702,4496326,10652760,1279,112,37
2025-11-12 00:00,5709938,4965056,4496326,10663982,2109,2319,38
2025-11-13 00:00,5714671,4968950,4496326,10665968,2118,110,38
2025-11-14 00:00,5718203,4972472,4496326,10672092,5136,1364,154
2025-11-15 00:00,5721640,4986720,4496326,10672092,3633,106,668
2025-11-16 00:00,5746421,4986720,4496326,10672092,1451,107,40
2025-11-17 00:00,5761428,4986720,4508660,10672092,1383,111,30
2025-11-18 00:00,5766876,4993832,4508660,10687327,1661,2014,129
2025-11-19 00:00,5774171,5005674,4508660,10689285,2076,138,36
2025-11-20 00:00,5782085,5017283,4508660,10689491,3121,2042,35
2025-11-21 00:00,5792039,5032756,4508660,10691458,2625,169,33
2025-11-22 00:00,5804047,5046756,4508660,10697673,3539,150,611
2025-11-23 00:00,5836159,5046756,4512045,10697673,2071,129,39
2025-11-24 00:00,5868155,5046756,4512540,10697673,2393,112,34
2025-11-25 00:00,5875308,5053195,4512540,10707835,3715,433,39
2025-11-26 00:00,5884781,5069955,4512540,10707843,3788,886,38
2025-11-27 00:00,5898033,5085589,4512540,10714869,2682,704,41
2025-11-28 00:00,5907126,5100016,4512540,10714869,2105,641,39
2025-11-29 00:00,5911602,5109358,4512540,10715048,3498,2001,554
2025-11-30 00:00,5931312,5109358,4512713,10715048,2575,1307,40
2025-12-01 00:00,5947013,5109358,4522924,10715048,2122,1254,39
2025-12-02 00:00,5953796,5122305,4522924,10715382,3178,1996,32
2025-12-03 00:00,5959947,5135972,4522924,10715411,2945,1660,35
2025-12-04 00:00,5966066,5149352,4522924,10715439,3012,906,120
2025-12-05 00:00,5968776,5163941,4522924,10716275,2154,1843,38
2025-12-06 00:00,5976912,5178243,4522924,10717964,2858,137,39
2025-12-07 00:00,6002599,5178243,4522924,10717964,3756,2569,36
2025-12-08 00:00,6017579,5178243,4523032,10717964,2248,2165,113
2025-12-09 00:00,6021388,5186960,4523032,10718957,2492,1117,40
2025-12-10 00:00,6024469,5196832,4523032,10719384,2693,2999,122
2025-12-11 00:00,6028108,5213888,4523032,10719885,2024,913,40
2025-12-12 00:00,6033869,5224057,4523032,10720883,2703,771,33
2025-12-13 00:00,6040604,5234944,4523032,10722427,2809,1961,38
2025-12-14 00:00,6055301,5234944,4528424,10722427,2783,2269,40
2025-12-15 00:00,6076204,5234944,4528968,10722427,2442,2172,33
2025-12-16 00:00,6081670,5249327,4528968,10722486,2488,1321,34
2025-12-17 00:00,6087588,5259083,4528968,10724658,2727,2930,38
2025-12-18 00:00,6092897,5272867,4528968,10724658,2041,883,125
2025-12-19 00:00,6099674,5284061,4528968,10724702,2877,2072,40
2025-12-20 00:00,6104631,5296810,4528968,10725060,2583,916,38
2025-12-21 00:00,6126940,5296810,4529038,10725060,2286,1475,39
2025-12-22 00:00,6143283,5296810,4533314,10725060,2148,2202,40
2025-12-23 00:00,6149704,5314579,4533314,10725060,3260,1867,41
2025-12-24 00:00,6159643,5339162,4533314,10725060,2594,2045,37
2025-12-25 00:00,6170879,5357915,4533314,10729547,2143,100,36
2025-12-26 00:00,6199947,5357915,4544406,10729547,2760,152,124
2025-12-27 00:00,6230136,5357915,4552956,10729547,2637,2367,135
2025-12-28 00:00,6260705,5357915,4553206,10729547,2302,478,38
2025-12-29 00:00,6288259,5357915,4554221,10729547,2240,794,40
2025-12-30 00:00,6297149,5371490,4554221,10730737,2910,2042,129
2025-12-31 00:00,6305737,5386167,4554221,10737668,2035,999,29
2026-01-01 00:00,6315382,5399183,4554221,10738373,2030,487,108
2026-01-02 00:00,6341499,5399183,4554899,10738373,4775,803,131
2026-01-03 00:00,6353251,5428022,4554899,10739167,3639,2022,588
2026-01-04 00:00,6390268,5428022,4555231,10739167,3230,755,39
2026-01-05 00:00,6418400,5428022,4560342,10739167,3420,737,41
2026-01-06 00:00,6430317,5450506,4560342,10739207,2719,1982,39
2026-01-07 00:00,6442383,5471087,4560342,10745354,3200,1901,681
2026-01-08 00:00,6456419,5501447,4560342,10745354,2366,1215,38
2026-01-09 00:00,6464944,5517723,4560342,10745582,4071,1163,684
2026-01-10 00:00,6478146,5552628,4560342,10745582,3600,2314,697
2026-01-11 00:00,6528425,5552628,4561060,10745582,3573,107,687
2026-01-12 00:00,6573583,5552628,4563494,10745582,3123,1512,110
2026-01-13 00:00,6584357,5571532,4563494,10745582,2157,1198,37
2026-01-14 00:00,6589699,5580854,4563494,10745703,2664,2489,37
2026-01-15 00:00,6597056,5593134,4563494,10760301,2222,1051,41
2026-01-16 00:00,6603508,5603530,4563494,10760312,2793,3470,37
2026-01-17 00:00,6608809,5615167,4563494,10761940,2977,1564,38
2026-01-18 00:00,6624049,5615167,4568622,10761940,2620,4769,36
2026-01-19 00:00,6660304,5615167,4568622,10761940,2522,655,39
2026-01-20 00:00,6669745,5626989,4568622,10771946,2491,910,39
2026-01-21 00:00,6681013,5639518,4568622,10783938,3471,2361,40
2026-01-22 00:00,6693993,5660740,4568622,10784878,3380,777,706
2026-01-23 00:00,6714106,5679293,4568622,10793710,2263,560,41
2026-01-24 00:00,6726753,5698282,4568622,10797822,4726,2021,693
2026-01-25 00:00,6773422,5698282,4568622,10797822,3959,510,686
2026-01-26 00:00,6818985,5698282,4568622,10797822,3433,1384,111
2026-01-27 00:00,6830580,5723690,4568622,10797838,2811,1222,33
2026-01-28 00:00,6841713,5747632,4568622,10797852,2711,2283,35
2026-01-29 00:00,6854271,5773943,4568622,10797852,3148,751,40
2026-01-30 00:00,6865984,5798795,4568622,10797852,3977,879,37
2026-01-31 00:00,6877511,5821319,4568622,10803195,4401,3035,625
2026-02-01 00:00,6914848,5821319,4568663,10803195,3052,2675,36
2026-02-02 00:00,6946297,5821319,4572412,10803195,3189,2009,692
2026-02-03 00:00,6964548,5840880,4572412,10809046,3312,774,692
2026-02-04 00:00,6989701,5868086,4572412,10811260,4017,1022,697
2026-02-05 00:00,7012408,5893748,4572412,10811330,3998,2219,695
2026-02-06 00:00,7035579,5925762,4572412,10811330,4801,2754,706
2026-02-07 00:00,7053718,5952481,4572412,10811330,4385,2981,600
2026-02-08 00:00,7086642,5952481,4572736,10811330,2356,1065,35
2026-02-09 00:00,7112342,5952481,4572859,10811330,2736,2040,41
2026-02-10 00:00,7123520,5972363,4572859,10811473,3308,1100,36
2026-02-11 00:00,7134401,5989327,4572859,10811937,2291,931,40
2026-02-12 00:00,7140329,6002109,4572859,10812173,2721,2028,37
2026-02-13 00:00,7146377,6020188,4572859,10812374,3160,1041,38
2026-02-14 00:00,7158291,6041338,4572859,10812846,3254,762,31
2026-02-15 00:00,7184528,6041338,4583115,10812846,3937,2050,690
2026-02-16 00:00,7220461,6041338,4595759,10812846,2852,888,38
2026-02-17 00:00,7232702,6059748,4595759,10813559,2304,795,38
2026-02-18 00:00,7242400,6073927,4595759,10820343,3374,3025,675
2026-02-19 00:00,7252762,6088292,4595759,10834689,3473,2007,696
2026-02-20 00:00,7273126,6101227,4595759,10851634,4007,1386,35
2026-02-21 00:00,7285451,6122087,4595759,10851636,3736,3719,595
2026-02-22 00:00,7310027,6122087,4596974,10851636,2129,708,34
2026-02-23 00:00,7322545,6122087,4597386,10851636,1003,121,36
2026-02-24 00:00,7327592,6128504,4597386,10854873,2107,103,37
2026-02-25 00:00,7334252,6131700,4597386,10865509,897,99,37
2026-02-26 00:00,7337340,6133816,4597386,10892052,909,99,38
2026-02-27 00:00,7339614,6136292,4597386,10910334,2128,103,38
2026-02-28 00:00,7344431,6138926,4597386,10918010,3651,114,636
2026-03-01 00:00,7360784,6138926,4601705,10918010,2329,553,36
2026-03-02 00:00,7373668,6138926,4619859,10918010,2411,856,30
2026-03-03 00:00,7378128,6143630,4619859,10946512,2172,837,37
2026-03-04 00:00,7380379,6149302,4619859,10972053,2696,1367,33
2026-03-05 00:00,7389152,6156944,4619859,10995248,2096,2464,36
2026-03-06 00:00,7393847,6163281,4619859,11020610,2945,2818,35
2026-03-07 00:00,7395696,6169363,4619859,11039866,3509,2134,432
2026-03-08 00:00,7412807,6169363,4621203,11039866,2015,1363,38
2026-03-09 00:00,7423936,6169363,4638416,11039866,1613,2082,36
2026-03-10 00:00,7429817,6174756,4638416,11062051,2269,583,28
2026-03-11 00:00,7434409,6180979,4638416,11070284,2664,1327,35
2026-03-12 00:00,7440071,6190689,4638416,11070943,2800,503,38
2026-03-13 00:00,7446828,6195783,4638416,11088480,2300,1985,39
2026-03-14 00:00,7451796,6206937,4638416,11089464,3779,326,284
2026-03-15 00:00,7474816,6206937,4638727,11089464,1782,134,36
2026-03-16 00:00,7485828,6206937,4668377,11089464,2858,688,32
2026-03-17 00:00,7488637,6211031,4668377,11111312,2123,1020,147
2026-03-18 00:00,7494325,6219022,4668377,11112979,2838,1292,37
2026-03-19 00:00,7498366,6224126,4668377,11141312,1300,639,38
2026-03-20 00:00,7500335,6226428,4668377,11169883,2217,742,35
2026-03-21 00:00,7504421,6230863,4668377,11186380,3458,118,553
2026-03-22 00:00,7525781,6230863,4671068,11186380,1855,101,38
2026-03-23 00:00,7535513,6230863,4704646,11186380,2395,2011,36
2026-03-24 00:00,7537269,6235984,4704646,11207818,2759,801,40
2026-03-25 00:00,7541750,6242607,4704646,11210171,2615,1006,40
2026-03-26 00:00,7547264,6248719,4704646,11224802,3630,2446,37
2026-03-27 00:00,7556529,6255715,4704646,11250196,2839,1683,35
2026-03-28 00:00,7564414,6260142,4704646,11265765,3203,2499,248
2026-03-29 00:00,7575643,6260142,4722666,11265765,1739,2023,38
2026-03-30 00:00,7586241,6260142,4738765,11265765,1814,1605,36
2026-03-31 00:00,7593012,6264952,4738765,11282604,2060,125,37
2026-04-01 00:00,7599125,6268311,4738765,11310285,2454,103,39
2026-04-02 00:00,7605392,6271611,4738765,11345464,2315,2638,38
2026-04-03 00:00,7608170,6282357,4738765,11346720,3776,2945,2902
2026-04-04 00:00,7616503,6310202,4738765,11348844,4064,1125,1151
2026-04-05 00:00,7625627,6310202,4763957,11348844,1619,2002,504
2026-04-06 00:00,7626912,6310202,4793117,11348844,1613,1616,1090
2026-04-07 00:00,7631052,6310202,4817053,11348844,2020,743,70
